"Name","Specialty","Company","E-mail","Comments"
"Pancho López","Cardiology","Health Services","pancho@hs.us","Prueba de almacenamiento de comentarios"
"Emilio Yáñez","Pediatrics","Hogwards","emilyo@gas.com","Para su adición al final del archivo!"
"Ezio Auditore","Internal Medicine","Pfizer","ezio.a@pfizer.com","Este mensaje podría ser más largo de lo necesario y tendría que agregarse una validación para la cantidad de texto que se puede enviar por este medio, tal vez 300 caracteres sea más que suficiente."
"Luna Brightstone","Oncology","Onco-Services","luna_bright@oncoservices.us","Para averiguar si la ventana ya se cierra al hacer submit de la forma!!! ;)"
"Test subject1","Test specialty1","Test company1","test1@email.test","Comentario para probar sujetos de prueba"
"Ezio Auditore","Cardiology","Secret Creed","ezio@creed.us","Prueba de almacenamiento de comentarios"
"Jose Jimenez","Oncología","Infotec","jose.jimenez@infotec.mx","Comentario de prueba para el almacenamiento de información Comentario de prueba para el almacenamiento de información Comentario de prueba para el almacenamiento de informaciónjjjjjjjjjjjjjjjjjjjjjjj"
"Victor HD","Black holes","Infotec","vmhernann@yahoo.com.mx","This tool is excelent!"
"Nombre completo de prueba","Especialidad de prueba","Compañía de prueba","correo@prueba.mx","Comentarios de prueba para el almacenamiento de información en un archivo de texto. Comentarios de prueba para el almacenamiento de información en un archivo de texto."
